employed,peopleCovered,annualIncome,maritalStatus,height,weight,tobacco,highRisk,mediumRisk,lowRisk,sex,age,latitude,longitude,bronze,silver,gold,platinum
1,1,100000,0,56,163,1,1,3,6,0,26,35,-109,41,67,106,158
1,1,100000,0,68,193,1,1,3,6,1,27,36,-109,49,75,114,166
1,1,200000,1,59,296,1,1,3,6,0,26,35,-109,52,78,117,169
1,1,100000,1,69,215,1,0,0,0,1,28,36,-109,49,75,114,166
1,2,200000,1,74,118,1,1,3,6,0,27,35,-109,31,57,96,148
1,4,100000,1,55,112,1,0,0,0,1,26,37,-109,51,77,116,168
1,2,100000,1,67,280,1,1,3,6,0,28,36,-109,47,73,112,164
1,2,100000,0,76,114,1,1,3,6,1,27,37,-110,62,88,127,179
1,2,200000,0,50,168,1,1,3,6,0,28,36,-110,31,57,96,148
1,1,100000,0,62,273,1,0,0,0,1,28,36,-109,31,57,96,148
1,2,100000,0,55,154,1,1,3,6,0,27,35,-110,41,67,106,158
1,1,500000,0,64,207,1,1,3,6,1,28,37,-110,57,83,122,174
1,3,300000,1,58,172,1,1,3,6,0,26,37,-109,69,95,134,186
1,4,200000,1,79,201,1,0,0,0,1,28,36,-109,31,57,96,148
1,1,100000,0,61,247,1,1,3,6,0,28,32,-110,57,83,122,174
1,2,100000,1,75,283,1,1,3,6,1,26,31,-110,57,83,122,174
1,4,100000,1,59,123,1,1,3,6,0,28,32,-109,41,67,106,158
1,2,400000,0,66,169,1,1,3,6,1,26,32,-110,36,62,101,153
1,2,200000,0,69,220,1,1,3,6,0,26,31,-110,46,72,111,163
1,1,200000,1,58,198,1,1,3,6,1,26,31,-110,54,80,119,171
1,2,100000,1,68,196,1,1,3,6,0,28,32,-110,41,67,106,158
1,1,100000,1,65,182,1,1,3,6,1,28,32,-110,38,64,103,155
1,1,700000,1,66,174,1,1,3,6,0,28,32,-110,31,57,96,148
1,2,300000,1,55,167,1,0,0,0,1,28,31,-110,41,67,106,158
1,1,100000,1,66,136,1,0,0,0,0,28,32,-110,31,57,96,148
1,1,200000,1,68,140,1,1,3,6,1,27,32,-110,36,62,101,153
1,3,200000,1,55,150,1,1,3,6,0,28,31,-110,38,64,103,155
1,1,200000,1,59,121,1,1,3,6,1,27,32,-110,49,75,114,166
1,3,200000,1,63,167,1,1,3,6,0,26,31,-110,62,88,127,179
1,1,300000,1,53,152,1,1,3,6,1,27,32,-110,38,64,103,155
1,1,300000,1,63,134,1,0,0,0,0,26,32,-110,47,73,112,164
1,2,200000,0,67,277,1,1,3,6,1,29,32,-109,41,67,106,158
1,1,300000,0,63,128,1,1,3,6,0,28,32,-110,57,83,122,174
1,4,200000,1,68,137,1,1,3,6,1,28,32,-110,61,87,126,178
1,3,100000,1,63,229,1,1,3,6,0,27,32,-110,54,80,119,171
1,2,100000,0,53,247,1,1,3,6,1,26,32,-110,46,72,111,163
1,1,100000,1,54,193,1,1,3,6,0,26,32,-110,38,64,103,155
1,1,200000,1,69,187,1,1,3,6,1,28,31,-110,33,59,98,150
1,3,300000,1,51,174,1,1,3,6,0,27,31,-110,53,79,118,170
1,1,100000,1,64,166,1,1,3,6,1,28,32,-110,54,80,119,171
1,2,100000,1,65,176,1,1,3,6,0,28,32,-110,31,57,96,148
1,1,200000,0,61,102,1,0,0,0,1,28,34,-111,38,64,103,155
1,1,200000,0,61,236,1,1,3,6,0,27,35,-112,38,64,103,155
1,2,300000,1,62,141,1,0,0,0,1,28,35,-112,36,62,101,153
1,3,100000,1,66,159,1,1,3,6,0,26,35,-112,31,57,96,148
1,1,100000,1,76,271,1,1,3,6,1,27,35,-112,36,62,101,153
1,3,200000,1,67,198,1,1,3,6,0,27,35,-112,38,64,103,155
1,3,700000,1,63,180,1,1,3,6,1,28,35,-112,38,64,103,155
1,1,200000,0,63,227,1,1,3,6,0,27,35,-112,33,59,98,150
1,1,900000,1,52,279,1,1,3,6,1,27,36,-112,38,64,103,155
1,1,100000,1,67,103,1,1,3,6,0,26,35,-112,41,67,106,158
1,4,200000,1,61,174,1,1,3,6,1,26,35,-112,87,113,152,204
1,1,200000,1,66,207,1,0,0,0,0,26,36,-112,49,75,114,166
1,4,100000,0,56,111,1,1,3,6,1,26,37,-112,57,83,122,174
1,4,100000,1,57,110,1,1,3,6,0,26,36,-112,31,57,96,148
1,1,100000,1,78,142,1,0,0,0,1,27,35,-111,36,62,101,153
1,4,300000,1,67,118,1,1,3,6,0,26,35,-111,47,73,112,164
1,1,200000,1,57,174,1,1,3,6,1,28,37,-112,33,59,98,150
1,1,100000,0,76,293,1,1,3,6,0,27,35,-111,52,78,117,169
1,2,100000,1,61,149,1,1,3,6,1,27,37,-111,47,73,112,164
1,3,100000,0,68,159,1,1,3,6,0,28,37,-111,53,79,118,170
1,2,300000,1,62,119,1,1,3,6,1,28,36,-111,31,57,96,148
1,1,100000,0,51,145,1,0,0,0,0,26,36,-112,54,80,119,171
1,1,700000,1,74,117,1,1,3,6,1,26,36,-112,38,64,103,155
1,4,100000,1,66,145,1,1,3,6,0,27,36,-111,61,87,126,178
1,1,100000,1,76,133,1,1,3,6,1,27,35,-112,31,57,96,148
1,1,100000,1,75,132,1,1,3,6,0,27,35,-112,47,73,112,164
1,1,300000,0,69,119,1,1,3,6,1,28,35,-112,31,57,96,148
1,1,300000,1,65,225,1,1,3,6,0,27,36,-113,36,62,101,153
1,1,200000,1,71,132,1,1,3,6,1,27,33,-111,31,57,96,148
1,3,100000,1,63,141,1,1,3,6,0,26,33,-111,46,72,111,163
1,2,1000000,0,56,143,1,1,3,6,1,27,33,-111,41,67,106,158
1,1,100000,1,61,144,1,1,3,6,0,27,33,-111,38,64,103,155
1,1,100000,0,51,103,1,1,3,6,1,28,33,-111,57,83,122,174
1,3,300000,0,67,228,1,1,3,6,0,26,33,-111,53,79,118,170
1,1,100000,0,61,106,1,1,3,6,1,27,34,-111,36,62,101,153
1,3,100000,1,65,134,1,0,0,0,0,28,33,-110,53,79,118,170
1,3,500000,1,66,233,1,1,3,6,1,26,34,-112,61,87,126,178
1,1,200000,0,66,152,1,0,0,0,0,26,34,-111,33,59,98,150
1,3,200000,1,66,164,1,1,3,6,1,28,34,-111,38,64,103,155
1,1,200000,1,64,191,1,1,3,6,0,26,33,-110,57,83,122,174
1,1,100000,0,63,119,1,1,3,6,1,28,34,-111,36,62,101,153
1,1,100000,0,66,172,1,1,3,6,0,26,34,-111,31,57,96,148
1,4,300000,0,55,148,1,0,0,0,1,26,33,-110,41,67,106,158
1,3,500000,1,63,111,1,1,3,6,0,28,33,-110,62,88,127,179
1,1,200000,1,67,201,1,1,3,6,1,28,33,-110,47,73,112,164
1,2,200000,1,75,164,1,1,3,6,0,27,33,-110,47,73,112,164
1,4,200000,0,65,153,1,0,0,0,1,26,33,-110,57,83,122,174
1,4,100000,1,66,124,1,1,3,6,0,27,33,-110,61,87,126,178
1,2,200000,1,67,246,1,0,0,0,1,27,33,-110,36,62,101,153
1,1,300000,1,61,289,1,1,3,6,0,26,33,-110,38,64,103,155
1,2,300000,1,61,192,1,1,3,6,1,26,33,-110,31,57,96,148
1,1,100000,1,69,147,1,0,0,0,0,26,47,-94,33,59,98,150
1,3,400000,1,57,153,1,1,3,6,1,26,47,-95,53,79,118,170
1,1,300000,0,51,213,1,1,3,6,0,28,47,-94,57,83,122,174
1,1,200000,1,59,130,1,1,3,6,1,27,47,-95,47,73,112,164
1,2,200000,1,67,118,1,1,3,6,0,27,47,-94,62,88,127,179
1,1,800000,0,53,232,1,1,3,6,1,28,47,-94,36,62,101,153
1,1,500000,0,55,108,1,1,3,6,0,27,47,-94,38,64,103,155
1,1,300000,0,67,106,1,1,3,6,1,26,47,-94,41,67,106,158
1,1,100000,1,61,106,1,0,0,0,0,27,45,-95,36,62,101,153
1,2,100000,1,63,133,1,1,3,6,1,26,45,-95,52,78,117,169
1,3,100000,1,51,109,1,1,3,6,0,26,45,-96,46,72,111,163
1,4,200000,0,68,101,1,1,3,6,1,27,45,-96,31,57,96,148
1,3,100000,0,74,113,1,1,3,6,0,26,45,-96,62,88,127,179
1,3,300000,0,68,161,1,1,3,6,1,27,46,-93,38,64,103,155
1,1,300000,1,62,173,1,1,3,6,0,27,45,-93,36,62,101,153
1,3,200000,1,78,104,1,1,3,6,1,27,45,-93,31,57,96,148
1,4,100000,1,61,215,1,1,3,6,0,27,46,-93,61,87,126,178
1,1,200000,1,63,252,1,1,3,6,1,26,45,-93,31,57,96,148
1,1,800000,1,51,190,1,1,3,6,0,26,46,-93,33,59,98,150
1,1,200000,0,66,105,1,1,3,6,1,26,46,-93,57,83,122,174
1,1,400000,1,70,251,1,1,3,6,0,26,45,-93,57,83,122,174
1,1,100000,1,75,186,1,1,3,6,1,27,45,-93,33,59,98,150
1,3,200000,1,64,245,1,1,3,6,0,27,45,-93,61,87,126,178
1,3,300000,1,69,138,1,1,3,6,1,27,45,-93,31,57,96,148
1,1,200000,1,61,132,1,1,3,6,0,27,45,-93,38,64,103,155
1,1,300000,1,68,169,1,1,3,6,1,26,47,-96,41,67,106,158
1,1,300000,0,66,106,1,1,3,6,0,27,47,-97,47,73,112,164
1,2,100000,1,61,147,1,1,3,6,1,27,47,-97,36,62,101,153
1,4,100000,0,53,226,1,1,3,6,0,26,47,-97,47,73,112,164
1,1,300000,1,69,132,1,1,3,6,1,28,47,-97,49,75,114,166
1,4,100000,1,68,108,1,1,3,6,0,28,47,-97,31,57,96,148
1,1,100000,0,67,115,1,1,3,6,1,28,47,-96,31,57,96,148
1,4,200000,1,53,268,1,1,3,6,0,26,47,-96,77,103,142,194
1,3,100000,1,69,179,1,1,3,6,1,26,47,-97,46,72,111,163
1,3,200000,1,67,115,1,1,3,6,0,27,47,-97,31,57,96,148
1,1,300000,0,63,155,1,0,0,0,1,28,47,-97,31,57,96,148
1,1,100000,1,53,189,1,0,0,0,0,28,47,-97,47,73,112,164
1,1,300000,1,64,157,1,1,3,6,1,26,47,-97,33,59,98,150
1,1,100000,1,62,197,1,1,3,6,0,28,47,-96,41,67,106,158
1,1,300000,1,57,149,1,1,3,6,1,26,47,-95,36,62,101,153
1,1,300000,0,64,138,1,1,3,6,0,28,48,-95,33,59,98,150
1,1,100000,0,63,242,1,1,3,6,1,28,48,-95,49,75,114,166
1,1,200000,0,66,110,1,1,3,6,0,27,48,-95,57,83,122,174
1,3,200000,0,69,251,1,1,3,6,1,26,48,-95,69,95,134,186
1,1,100000,1,68,225,1,1,3,6,0,26,48,-90,49,75,114,166
1,3,100000,1,74,150,1,1,3,6,1,28,48,-90,31,57,96,148
1,1,500000,1,67,117,1,1,3,6,0,27,48,-90,36,62,101,153
1,3,200000,1,79,145,1,0,0,0,1,26,48,-91,53,79,118,170
1,2,100000,1,78,113,1,1,3,6,0,27,48,-91,46,72,111,163
1,2,300000,1,64,160,1,1,3,6,1,26,48,-91,36,62,101,153
1,3,400000,1,60,259,1,1,3,6,0,28,44,-95,38,64,103,155
1,1,300000,0,65,179,1,1,3,6,1,28,44,-95,41,67,106,158
1,3,400000,0,66,108,1,1,3,6,0,28,44,-95,46,72,111,163
1,2,700000,1,67,148,1,0,0,0,1,27,44,-95,57,83,122,174
1,1,1000000,0,69,161,1,1,3,6,0,28,44,-95,47,73,112,164
1,1,100000,0,51,181,1,1,3,6,1,28,44,-95,31,57,96,148
1,1,300000,1,61,191,1,1,3,6,0,28,46,-94,38,64,103,155
1,1,200000,1,68,187,1,1,3,6,1,27,46,-94,47,73,112,164
1,2,300000,0,62,136,1,1,3,6,0,26,47,-94,62,88,127,179
1,3,300000,1,75,114,1,1,3,6,1,27,47,-94,47,73,112,164
1,1,400000,1,75,114,1,1,3,6,0,27,46,-94,33,59,98,150
1,2,700000,1,66,119,1,1,3,6,1,27,47,-94,67,93,132,184
1,1,300000,1,66,165,1,1,3,6,0,28,47,-94,47,73,112,164
1,4,200000,0,71,141,1,1,3,6,1,27,46,-94,61,87,126,178
1,1,100000,1,52,172,1,1,3,6,0,26,46,-94,49,75,114,166
1,3,300000,1,78,141,1,0,0,0,1,27,46,-94,31,57,96,148
1,1,100000,1,55,149,1,1,3,6,0,26,46,-94,38,64,103,155
1,1,100000,1,68,103,1,1,3,6,1,27,46,-94,33,59,98,150
1,3,300000,0,79,186,1,1,3,6,0,26,47,-94,38,64,103,155
1,2,300000,1,55,126,1,1,3,6,1,27,46,-94,47,73,112,164
1,1,700000,0,65,148,1,1,3,6,0,28,47,-94,47,73,112,164
1,1,200000,1,75,140,1,1,3,6,1,27,45,-93,33,59,98,150
1,1,200000,1,54,135,1,0,0,0,0,27,45,-93,57,83,122,174
1,2,100000,1,69,140,1,1,3,6,1,28,45,-93,57,83,122,174
1,1,300000,1,54,118,1,1,3,6,0,26,45,-93,54,80,119,171
1,2,100000,0,64,152,1,1,3,6,1,27,45,-93,51,77,116,168
1,1,200000,1,56,196,1,1,3,6,0,26,45,-93,38,64,103,155
1,4,200000,1,57,137,1,1,3,6,1,26,45,-93,87,113,152,204
1,1,300000,0,68,132,1,1,3,6,0,27,45,-93,54,80,119,171
1,4,100000,0,59,119,1,0,0,0,1,26,45,-93,71,97,136,188
1,1,200000,1,51,207,1,1,3,6,0,26,45,-93,54,80,119,171
1,1,200000,1,72,264,1,1,3,6,1,27,45,-93,52,78,117,169
1,1,200000,1,62,112,1,1,3,6,0,26,45,-93,31,57,96,148
1,2,400000,1,64,258,1,1,3,6,1,26,45,-93,62,88,127,179
1,2,300000,0,75,125,1,1,3,6,0,26,45,-93,52,78,117,169
1,4,100000,0,57,133,1,1,3,6,1,28,45,-93,67,93,132,184
1,2,200000,0,72,258,1,1,3,6,0,28,45,-93,41,67,106,158
1,1,500000,1,63,163,1,1,3,6,1,28,45,-93,57,83,122,174
1,2,100000,0,65,130,1,1,3,6,0,27,45,-93,46,72,111,163
1,2,100000,1,54,103,1,1,3,6,1,28,45,-93,62,88,127,179
1,1,300000,1,62,273,1,1,3,6,0,27,45,-93,31,57,96,148
1,3,100000,0,51,151,1,1,3,6,1,28,44,-93,61,87,126,178
1,1,100000,1,69,277,1,0,0,0,0,26,44,-93,57,83,122,174
1,1,200000,0,71,177,1,1,3,6,1,28,44,-93,38,64,103,155
1,1,300000,1,66,195,1,1,3,6,0,28,44,-93,36,62,101,153
1,1,300000,1,61,198,1,1,3,6,1,26,44,-93,38,64,103,155
1,1,200000,1,69,189,1,1,3,6,0,28,44,-93,47,73,112,164
1,1,1000000,1,52,190,1,1,3,6,1,26,46,-95,38,64,103,155
1,1,100000,1,59,220,1,1,3,6,0,28,46,-96,38,64,103,155
1,4,100000,1,65,129,1,1,3,6,1,27,46,-95,51,77,116,168
1,1,200000,0,71,268,1,1,3,6,0,27,46,-96,33,59,98,150
1,3,100000,0,67,110,1,1,3,6,1,27,46,-96,69,95,134,186
1,4,100000,0,69,198,1,1,3,6,0,26,46,-96,31,57,96,148
1,2,100000,1,66,103,1,1,3,6,1,26,46,-96,41,67,106,158
1,1,200000,0,65,157,1,1,3,6,0,28,46,-95,31,57,96,148
1,1,100000,1,63,145,1,1,3,6,1,27,46,-95,38,64,103,155
1,2,100000,1,53,244,1,1,3,6,0,27,46,-95,36,62,101,153
1,1,100000,0,64,101,1,1,3,6,1,28,44,-94,38,64,103,155
1,1,100000,1,68,128,1,1,3,6,0,27,44,-94,31,57,96,148
1,1,200000,1,73,141,1,1,3,6,1,26,44,-94,33,59,98,150
1,3,100000,0,65,105,1,1,3,6,0,27,44,-94,47,73,112,164
1,1,100000,1,55,162,1,1,3,6,1,26,44,-94,57,83,122,174
1,1,200000,0,67,104,1,1,3,6,0,28,44,-94,31,57,96,148
1,1,100000,1,67,187,1,1,3,6,1,27,44,-94,57,83,122,174
1,2,300000,1,67,170,1,1,3,6,0,27,44,-94,41,67,106,158
1,1,400000,0,62,102,1,1,3,6,1,28,44,-94,36,62,101,153
1,2,100000,1,66,173,1,1,3,6,0,27,44,-94,41,67,106,158
1,4,300000,1,78,151,1,1,3,6,1,28,44,-94,61,87,126,178
1,2,100000,0,66,154,1,1,3,6,0,26,44,-92,36,62,101,153
1,4,200000,0,69,119,1,1,3,6,1,27,44,-92,51,77,116,168
1,2,100000,0,65,217,1,1,3,6,0,27,44,-92,47,73,112,164
1,1,200000,0,63,105,1,1,3,6,1,26,44,-92,36,62,101,153
1,3,300000,0,56,178,1,1,3,6,0,27,44,-92,38,64,103,155
1,1,200000,0,64,159,1,1,3,6,1,26,44,-92,33,59,98,150
1,1,100000,1,66,166,1,1,3,6,0,26,44,-92,38,64,103,155
1,4,100000,0,68,160,1,1,3,6,1,27,44,-92,47,73,112,164
1,1,300000,1,55,152,1,1,3,6,0,28,44,-92,47,73,112,164
1,4,200000,0,58,225,1,1,3,6,1,26,44,-92,41,67,106,158
1,1,100000,1,74,159,1,1,3,6,0,28,44,-92,54,80,119,171
1,1,100000,1,66,189,1,1,3,6,1,27,44,-92,54,80,119,171
1,1,200000,1,68,114,1,1,3,6,0,28,44,-93,49,75,114,166
1,2,200000,0,58,151,1,1,3,6,1,26,44,-94,41,67,106,158
1,4,300000,0,71,105,1,1,3,6,0,27,44,-93,31,57,96,148
1,1,100000,1,61,188,1,1,3,6,1,27,44,-94,33,59,98,150
1,1,200000,1,68,199,1,1,3,6,0,26,44,-93,31,57,96,148
1,3,100000,1,68,164,1,1,3,6,1,26,44,-94,53,79,118,170
1,1,200000,1,74,117,1,1,3,6,0,28,44,-93,54,80,119,171
1,1,100000,0,64,233,1,1,3,6,1,26,44,-93,38,64,103,155
1,1,100000,1,73,163,1,1,3,6,0,28,44,-93,47,73,112,164
1,2,200000,1,68,185,1,1,3,6,1,27,44,-93,41,67,106,158
1,3,100000,1,55,105,1,1,3,6,0,26,44,-93,31,57,96,148
1,4,100000,1,64,121,1,1,3,6,1,26,44,-93,67,93,132,184
1,4,100000,1,68,181,1,1,3,6,0,27,44,-93,57,83,122,174
1,1,100000,0,68,165,1,1,3,6,1,27,44,-93,33,59,98,150
1,1,100000,1,54,196,1,1,3,6,0,28,45,-92,36,62,101,153
1,1,200000,1,69,158,1,1,3,6,1,28,44,-93,33,59,98,150
1,1,100000,1,50,110,1,1,3,6,0,28,45,-93,57,83,122,174
1,4,100000,1,72,164,1,1,3,6,1,26,45,-93,31,57,96,148
1,3,200000,1,62,154,1,1,3,6,0,27,44,-93,62,88,127,179
1,1,100000,0,52,286,1,1,3,6,1,28,44,-93,36,62,101,153
1,2,200000,1,64,155,1,1,3,6,0,26,44,-93,57,83,122,174
1,1,200000,1,61,127,1,1,3,6,1,27,44,-93,41,67,106,158
1,2,200000,1,64,155,1,1,3,6,0,26,46,-96,46,72,111,163
1,3,300000,0,76,246,1,1,3,6,1,27,46,-96,31,57,96,148
1,1,200000,1,66,163,1,1,3,6,0,28,46,-96,52,78,117,169
1,1,100000,1,68,129,1,1,3,6,1,26,46,-96,49,75,114,166
1,2,300000,0,65,182,1,1,3,6,0,28,46,-96,51,77,116,168
1,1,400000,0,57,111,1,1,3,6,1,28,46,-96,33,59,98,150
1,1,200000,0,63,277,1,1,3,6,0,28,46,-96,38,64,103,155
1,1,100000,0,61,251,1,1,3,6,1,26,45,-93,36,62,101,153
1,4,100000,0,62,284,1,1,3,6,0,27,45,-93,77,103,142,194
1,1,200000,0,68,206,1,1,3,6,1,28,45,-93,33,59,98,150
1,3,300000,1,62,102,1,1,3,6,0,28,45,-93,61,87,126,178
1,3,100000,1,63,112,1,1,3,6,1,27,45,-94,46,72,111,163
1,2,700000,0,63,184,1,1,3,6,0,26,45,-93,46,72,111,163
1,4,300000,0,71,108,1,1,3,6,1,28,45,-94,57,83,122,174
1,4,200000,0,68,153,1,1,3,6,0,26,45,-94,31,57,96,148
1,3,300000,1,65,103,1,1,3,6,1,27,45,-93,62,88,127,179
1,3,100000,1,62,192,1,1,3,6,0,27,45,-93,31,57,96,148
1,1,200000,1,68,100,1,1,3,6,1,28,45,-93,57,83,122,174
1,4,300000,1,54,192,1,1,3,6,0,26,45,-93,87,113,152,204
1,1,200000,1,55,166,1,1,3,6,1,27,45,-93,54,80,119,171
1,1,100000,1,68,162,1,1,3,6,0,27,45,-94,33,59,98,150
1,1,100000,0,68,108,1,1,3,6,1,28,45,-94,52,78,117,169
1,1,100000,0,73,102,1,1,3,6,0,27,45,-94,31,57,96,148
1,1,100000,0,63,188,1,1,3,6,1,26,45,-94,52,78,117,169
1,3,200000,1,63,160,1,1,3,6,0,26,45,-94,38,64,103,155
1,2,300000,1,65,243,1,1,3,6,1,26,45,-94,41,67,106,158
1,1,100000,1,63,188,1,1,3,6,0,28,45,-93,33,59,98,150
1,1,100000,1,77,139,1,1,3,6,1,26,45,-94,54,80,119,171
1,3,100000,0,62,192,1,1,3,6,0,28,45,-94,38,64,103,155
1,1,100000,1,58,206,1,1,3,6,1,28,45,-94,31,57,96,148
1,1,100000,0,69,181,1,1,3,6,0,28,45,-94,47,73,112,164
1,1,300000,1,72,106,1,1,3,6,1,28,45,-93,36,62,101,153
1,1,500000,1,62,179,1,0,0,0,0,28,45,-93,36,62,101,153
1,4,100000,1,53,202,1,1,3,6,1,26,45,-93,57,83,122,174
1,1,200000,0,65,263,1,1,3,6,0,26,45,-93,38,64,103,155
1,1,200000,1,69,137,1,0,0,0,1,26,45,-93,47,73,112,164
1,3,100000,1,67,103,1,1,3,6,0,28,45,-93,68,94,133,185
1,2,700000,1,63,168,1,1,3,6,1,26,45,-93,46,72,111,163
1,3,700000,1,66,251,1,1,3,6,0,27,45,-93,69,95,134,186
1,1,300000,1,61,117,1,1,3,6,1,27,45,-93,49,75,114,166
1,1,300000,0,65,163,1,1,3,6,0,28,45,-93,38,64,103,155
1,2,100000,0,61,116,1,1,3,6,1,27,45,-93,62,88,127,179
1,1,300000,1,67,123,1,1,3,6,0,28,45,-93,36,62,101,153
1,4,300000,1,77,159,1,1,3,6,1,26,45,-93,77,103,142,194
1,3,200000,1,64,177,1,1,3,6,0,27,45,-93,31,57,96,148
1,1,300000,0,66,267,1,1,3,6,1,27,45,-93,33,59,98,150
1,1,200000,1,69,122,1,1,3,6,0,28,45,-93,33,59,98,150
1,1,300000,1,63,274,1,1,3,6,1,27,45,-93,54,80,119,171
1,3,100000,1,78,140,1,1,3,6,0,27,45,-93,61,87,126,178
1,1,100000,0,69,181,1,1,3,6,1,27,45,-93,57,83,122,174
1,1,400000,1,65,158,1,0,0,0,0,27,45,-93,47,73,112,164
1,1,300000,1,61,184,1,1,3,6,1,27,45,-93,33,59,98,150
1,2,200000,0,54,107,1,1,3,6,0,27,45,-93,41,67,106,158
1,3,100000,0,51,196,1,1,3,6,1,27,45,-93,38,64,103,155
1,2,100000,1,62,244,1,1,3,6,0,27,45,-93,31,57,96,148
1,4,200000,1,61,250,1,1,3,6,1,26,45,-93,61,87,126,178
1,1,100000,1,63,143,1,1,3,6,0,28,45,-93,47,73,112,164
1,1,500000,1,69,174,1,1,3,6,1,28,45,-93,33,59,98,150
1,1,100000,1,65,125,1,1,3,6,0,26,45,-93,38,64,103,155
1,1,200000,1,66,125,1,1,3,6,1,27,45,-93,41,67,106,158
1,1,100000,1,62,133,1,1,3,6,0,26,45,-93,33,59,98,150
1,3,100000,0,66,100,1,1,3,6,1,26,45,-93,61,87,126,178
1,3,300000,1,53,182,1,1,3,6,0,26,45,-93,62,88,127,179
1,1,100000,1,57,166,1,1,3,6,1,27,45,-93,54,80,119,171
1,1,200000,1,58,166,1,1,3,6,0,27,45,-93,38,64,103,155
1,3,300000,1,68,105,1,0,0,0,1,27,45,-93,38,64,103,155
1,3,100000,0,67,161,1,1,3,6,0,28,45,-93,46,72,111,163
1,4,100000,1,63,188,1,1,3,6,1,26,45,-93,51,77,116,168
1,1,300000,0,69,193,1,0,0,0,0,27,45,-93,54,80,119,171
1,3,200000,1,54,156,1,1,3,6,1,27,45,-93,31,57,96,148
1,4,200000,0,79,173,1,1,3,6,0,27,45,-93,77,103,142,194
1,1,100000,0,74,113,1,1,3,6,1,28,45,-93,31,57,96,148
1,4,300000,1,62,175,1,1,3,6,0,26,45,-93,77,103,142,194
1,4,300000,0,68,165,1,0,0,0,1,28,45,-93,71,97,136,188
1,2,100000,0,67,122,1,1,3,6,0,28,45,-93,41,67,106,158
1,3,100000,1,77,107,1,1,3,6,1,26,45,-93,31,57,96,148
1,2,200000,0,63,251,1,1,3,6,0,26,45,-93,46,72,111,163
1,3,100000,0,68,198,1,1,3,6,1,28,45,-93,38,64,103,155
1,4,200000,1,53,125,1,1,3,6,0,26,45,-93,41,67,106,158
1,1,100000,0,78,144,1,1,3,6,1,28,45,-93,31,57,96,148
1,2,300000,1,62,138,1,1,3,6,0,28,45,-93,31,57,96,148
1,1,100000,1,69,133,1,1,3,6,1,26,45,-93,49,75,114,166
1,3,100000,1,66,154,1,1,3,6,0,27,45,-93,77,103,142,194
1,2,100000,1,55,236,1,1,3,6,1,26,45,-93,51,77,116,168
1,3,100000,0,66,150,1,1,3,6,0,26,45,-93,38,64,103,155
1,3,100000,0,63,273,1,1,3,6,1,26,45,-93,53,79,118,170
1,4,100000,0,65,180,1,1,3,6,0,27,45,-93,41,67,106,158
1,1,200000,1,55,103,1,1,3,6,1,26,45,-93,52,78,117,169
1,1,300000,0,63,186,1,1,3,6,0,27,45,-93,38,64,103,155
1,2,300000,1,76,100,1,1,3,6,1,26,45,-93,36,62,101,153
1,1,100000,1,54,104,1,1,3,6,0,27,45,-93,38,64,103,155
1,2,300000,1,77,143,1,1,3,6,1,27,45,-93,46,72,111,163
1,1,100000,0,51,107,1,1,3,6,0,26,45,-93,54,80,119,171
1,1,300000,0,64,168,1,1,3,6,1,28,45,-93,49,75,114,166
1,1,100000,0,73,175,1,1,3,6,0,26,45,-93,36,62,101,153
1,1,100000,0,72,279,1,0,0,0,1,28,45,-93,38,64,103,155
1,3,100000,1,69,155,1,1,3,6,0,27,45,-93,69,95,134,186
1,3,100000,1,59,185,1,1,3,6,1,27,45,-94,69,95,134,186
1,2,900000,1,69,119,1,1,3,6,0,27,45,-93,57,83,122,174
1,1,200000,0,66,253,1,1,3,6,1,28,45,-93,31,57,96,148
1,1,100000,1,76,116,1,1,3,6,0,26,45,-94,52,78,117,169
1,1,400000,1,66,103,1,1,3,6,1,28,45,-93,52,78,117,169
1,2,200000,1,50,122,1,0,0,0,0,27,45,-93,56,82,121,173
1,1,1000000,1,66,161,1,1,3,6,1,27,45,-93,31,57,96,148
1,1,100000,1,50,263,1,1,3,6,0,26,45,-93,36,62,101,153
1,1,400000,1,68,119,1,1,3,6,1,28,45,-93,57,83,122,174
1,1,100000,0,76,249,1,1,3,6,0,28,45,-93,33,59,98,150
1,1,300000,1,55,198,1,1,3,6,1,27,45,-93,36,62,101,153
1,2,100000,0,63,222,1,1,3,6,0,28,45,-93,57,83,122,174
1,1,200000,1,55,179,1,1,3,6,1,27,45,-93,57,83,122,174
1,1,300000,1,66,155,1,1,3,6,0,27,45,-93,57,83,122,174
1,2,300000,0,50,119,1,1,3,6,1,28,44,-91,62,88,127,179
1,4,700000,0,68,130,1,0,0,0,0,28,44,-91,31,57,96,148
1,1,100000,0,54,101,1,1,3,6,1,26,44,-91,52,78,117,169
1,1,200000,1,66,101,1,1,3,6,0,26,44,-91,31,57,96,148
1,2,200000,1,63,131,1,1,3,6,1,27,44,-92,51,77,116,168
1,2,300000,0,69,170,1,1,3,6,0,26,44,-91,67,93,132,184
1,3,700000,0,68,158,1,0,0,0,1,27,44,-92,46,72,111,163
1,2,100000,1,63,159,1,1,3,6,0,26,47,-95,67,93,132,184
1,4,200000,0,63,164,1,1,3,6,1,26,47,-95,57,83,122,174
1,1,300000,0,66,198,1,1,3,6,0,28,47,-95,33,59,98,150
1,1,100000,1,68,175,1,1,3,6,1,27,47,-95,57,83,122,174
1,4,200000,1,79,171,1,1,3,6,0,27,41,-115,41,67,106,158
1,1,100000,0,65,142,1,1,3,6,1,26,41,-114,33,59,98,150
1,4,100000,1,63,293,1,1,3,6,0,27,38,-118,71,97,136,188
1,2,100000,0,59,170,1,1,3,6,1,27,38,-117,57,83,122,174
1,3,100000,0,65,111,1,1,3,6,0,26,38,-118,47,73,112,164
1,1,300000,0,52,193,1,1,3,6,1,27,40,-116,36,62,101,153
1,2,900000,0,68,256,1,1,3,6,0,26,40,-117,46,72,111,163
1,2,100000,1,63,134,1,1,3,6,1,28,42,-119,51,77,116,168
1,3,300000,1,63,190,1,0,0,0,0,26,41,-117,47,73,112,164
1,3,300000,0,68,166,1,1,3,6,1,27,42,-118,53,79,118,170
1,1,100000,1,63,165,1,1,3,6,0,28,42,-118,43,69,108,160
1,1,200000,1,61,103,1,0,0,0,1,27,42,-118,33,59,98,150
1,1,100000,1,64,256,1,1,3,6,0,27,41,-117,41,67,106,158
1,1,200000,1,67,209,1,1,3,6,1,28,41,-118,36,62,101,153
1,1,100000,1,65,298,1,1,3,6,0,26,41,-118,31,57,96,148
1,1,100000,0,78,102,1,1,3,6,1,27,40,-117,36,62,101,153
1,3,500000,1,50,162,1,1,3,6,0,26,41,-117,46,72,111,163
1,1,800000,0,65,168,1,1,3,6,1,28,37,-115,38,64,103,155
1,3,100000,1,74,197,1,1,3,6,0,26,38,-115,54,80,119,171
1,1,100000,1,66,139,1,1,3,6,1,27,38,-115,33,59,98,150
1,2,200000,1,61,190,1,1,3,6,0,27,38,-114,47,73,112,164
1,3,300000,1,55,144,1,1,3,6,1,26,38,-114,46,72,111,163
1,3,700000,1,52,183,1,1,3,6,0,27,36,-115,38,64,103,155
1,4,200000,1,76,107,1,1,3,6,1,27,39,-120,61,87,126,178
1,2,300000,1,68,186,1,1,3,6,0,26,40,-119,31,57,96,148
1,3,100000,1,69,136,1,1,3,6,1,27,39,-120,53,79,118,170
1,1,300000,1,58,116,1,1,3,6,0,27,39,-119,41,67,106,158
1,2,800000,1,68,147,1,1,3,6,1,27,39,-119,57,83,122,174
1,2,100000,0,62,187,1,1,3,6,0,27,39,-119,36,62,101,153
1,2,200000,1,63,167,1,1,3,6,1,28,39,-119,31,57,96,148
1,1,100000,1,53,104,1,0,0,0,0,27,39,-119,31,57,96,148
1,3,300000,1,76,160,1,0,0,0,1,27,39,-118,69,95,134,186
1,1,100000,1,77,252,1,1,3,6,0,28,38,-118,41,67,106,158
1,1,400000,0,67,149,1,1,3,6,1,27,39,-119,49,75,114,166
1,2,100000,0,71,231,1,1,3,6,0,27,37,-117,36,62,101,153
1,3,200000,1,69,114,1,1,3,6,1,26,37,-117,38,64,103,155
1,1,100000,0,62,161,1,1,3,6,0,27,39,-117,49,75,114,166
1,1,300000,1,50,125,1,1,3,6,1,27,37,-116,31,57,96,148
1,4,700000,1,56,232,1,1,3,6,0,27,36,-116,31,57,96,148
1,2,200000,0,67,130,1,1,3,6,1,27,39,-117,31,57,96,148
1,1,300000,1,71,101,1,1,3,6,0,27,36,-116,38,64,103,155
1,2,300000,0,51,131,1,1,3,6,1,26,38,-117,47,73,112,164
1,2,200000,1,67,192,1,1,3,6,0,27,36,-116,62,88,127,179
1,2,300000,1,68,161,1,1,3,6,1,28,36,-116,41,67,106,158
1,1,100000,1,69,126,1,1,3,6,0,26,39,-118,52,78,117,169
1,1,100000,1,69,178,1,1,3,6,1,26,41,-118,54,80,119,171
1,4,300000,1,67,140,1,1,3,6,0,28,40,-118,47,73,112,164
1,4,500000,1,65,153,1,1,3,6,1,27,39,-120,67,93,132,184
1,1,100000,0,62,102,1,1,3,6,0,27,39,-120,33,59,98,150
1,2,100000,1,68,149,1,1,3,6,1,28,41,-119,67,93,132,184
1,1,100000,1,63,111,1,1,3,6,0,26,41,-119,36,62,101,153
1,2,300000,1,66,194,1,0,0,0,1,27,40,-119,31,57,96,148
1,1,100000,0,62,142,1,1,3,6,0,26,40,-120,31,57,96,148
1,1,200000,0,52,106,1,1,3,6,1,27,40,-120,52,78,117,169
1,2,200000,1,68,205,1,1,3,6,0,27,40,-120,36,62,101,153
1,1,500000,1,65,209,1,0,0,0,1,27,40,-120,52,78,117,169
1,2,100000,0,63,194,1,1,3,6,0,28,40,-120,47,73,112,164
1,1,300000,0,69,150,1,1,3,6,1,28,40,-120,59,85,124,176
1,3,100000,1,68,297,1,0,0,0,0,28,40,-120,77,103,142,194
1,3,100000,0,64,102,1,0,0,0,1,28,40,-120,47,73,112,164
1,2,200000,1,63,148,1,1,3,6,0,27,40,-119,62,88,127,179
1,1,100000,0,50,146,1,1,3,6,1,27,39,-120,33,59,98,150
1,1,200000,1,69,157,1,1,3,6,0,26,39,-120,31,57,96,148
1,1,100000,1,71,118,1,1,3,6,1,28,39,-120,36,62,101,153
1,4,200000,0,77,188,1,1,3,6,0,26,40,-120,77,103,142,194
1,3,100000,1,69,245,1,1,3,6,1,26,39,-120,46,72,111,163
1,3,100000,1,63,165,1,1,3,6,0,27,40,-120,77,103,142,194
1,2,200000,1,74,113,1,1,3,6,1,28,40,-120,46,72,111,163
1,1,100000,1,64,176,1,1,3,6,0,26,40,-120,52,78,117,169
1,1,200000,1,67,155,1,1,3,6,1,27,40,-120,41,67,106,158
1,1,300000,1,55,195,1,1,3,6,0,27,40,-120,49,75,114,166
1,1,100000,0,71,149,1,1,3,6,1,28,40,-120,41,67,106,158
1,1,100000,1,65,189,1,1,3,6,0,28,39,-120,31,57,96,148
1,1,200000,1,62,195,1,1,3,6,1,26,40,-120,31,57,96,148
1,3,200000,1,79,147,1,1,3,6,0,28,39,-120,53,79,118,170
1,2,100000,1,63,101,1,1,3,6,1,28,40,-120,57,83,122,174
1,1,100000,1,65,100,1,1,3,6,0,26,40,-120,38,64,103,155
1,1,100000,1,51,265,1,1,3,6,1,27,40,-120,41,67,106,158
1,2,200000,1,66,199,1,1,3,6,0,26,39,-120,47,73,112,164
1,1,200000,1,64,207,1,1,3,6,1,27,40,-120,31,57,96,148
1,2,500000,1,63,242,1,1,3,6,0,27,39,-120,36,62,101,153
1,2,200000,1,54,171,1,1,3,6,1,28,40,-120,36,62,101,153
1,2,300000,1,78,179,1,1,3,6,0,28,40,-120,36,62,101,153
1,4,300000,0,65,239,1,0,0,0,1,26,40,-120,87,113,152,204
1,4,100000,1,68,252,1,1,3,6,0,27,40,-120,61,87,126,178
1,3,100000,1,68,193,1,1,3,6,1,27,40,-120,77,103,142,194
1,1,300000,1,57,112,1,1,3,6,0,26,40,-120,41,67,106,158
1,1,200000,1,65,121,1,1,3,6,1,28,40,-120,36,62,101,153
1,1,400000,0,51,104,1,1,3,6,0,27,39,-120,54,80,119,171
1,1,100000,0,66,105,1,1,3,6,1,26,39,-115,38,64,103,155
1,1,300000,1,52,109,1,1,3,6,0,28,39,-114,33,59,98,150
1,1,300000,0,66,101,1,1,3,6,1,27,39,-116,57,83,122,174
1,3,700000,1,62,103,1,1,3,6,0,28,39,-115,61,87,126,178
1,1,1000000,1,67,253,1,0,0,0,1,26,39,-115,52,78,117,169
1,3,100000,1,51,165,1,1,3,6,0,28,39,-115,38,64,103,155
1,1,100000,1,66,105,1,1,3,6,1,27,39,-115,57,83,122,174
1,1,200000,1,52,196,1,1,3,6,0,28,39,-120,33,59,98,150
1,3,100000,0,66,155,1,1,3,6,1,26,39,-120,69,95,134,186
1,3,200000,1,62,179,1,1,3,6,0,28,39,-120,69,95,134,186
1,2,200000,1,56,188,1,0,0,0,1,28,39,-120,46,72,111,163
1,1,100000,1,73,268,1,1,3,6,0,28,39,-120,54,80,119,171
1,1,200000,1,50,163,1,1,3,6,1,26,39,-120,47,73,112,164
1,4,300000,0,63,180,1,1,3,6,0,26,39,-120,77,103,142,194
1,2,200000,1,66,113,1,1,3,6,1,28,39,-120,46,72,111,163
1,1,300000,1,65,111,1,1,3,6,0,28,39,-120,38,64,103,155
1,1,200000,0,65,184,1,1,3,6,1,28,45,-118,47,73,112,164
1,1,700000,1,73,171,1,1,3,6,0,26,44,-118,33,59,98,150
1,1,100000,1,64,103,1,1,3,6,1,26,45,-118,54,80,119,171
1,1,400000,1,69,195,1,1,3,6,0,28,45,-117,41,67,106,158
1,1,300000,1,61,116,1,1,3,6,1,26,45,-118,49,75,114,166
1,4,100000,0,61,190,1,1,3,6,0,26,45,-117,31,57,96,148
1,3,400000,1,52,133,1,1,3,6,1,26,45,-117,31,57,96,148
1,1,100000,1,72,287,1,1,3,6,0,27,45,-118,33,59,98,150
1,1,100000,1,61,114,1,1,3,6,1,28,44,-118,31,57,96,148
1,1,100000,1,66,113,1,1,3,6,0,27,44,-117,38,64,103,155
1,1,100000,0,51,127,1,1,3,6,1,28,44,-117,38,64,103,155
1,1,200000,1,57,162,1,1,3,6,0,26,44,-124,47,73,112,164
1,1,100000,1,61,107,1,1,3,6,1,27,45,-124,38,64,103,155
1,1,300000,1,61,112,1,1,3,6,0,27,45,-123,52,78,117,169
1,1,200000,1,79,188,1,1,3,6,1,27,45,-123,57,83,122,174
1,1,300000,1,66,117,1,1,3,6,0,26,45,-123,38,64,103,155
1,1,300000,1,58,189,1,1,3,6,1,26,45,-123,57,83,122,174
1,1,100000,0,72,257,1,0,0,0,0,26,45,-123,31,57,96,148
1,3,300000,1,59,228,1,1,3,6,1,28,44,-123,62,88,127,179
1,1,100000,0,66,294,1,1,3,6,0,26,45,-122,33,59,98,150
1,3,300000,0,61,107,1,1,3,6,1,26,45,-122,61,87,126,178
1,1,100000,0,64,162,1,1,3,6,0,26,45,-122,41,67,106,158
1,1,100000,0,63,116,1,1,3,6,1,28,45,-123,38,64,103,155
1,4,100000,1,58,247,1,1,3,6,0,28,45,-123,67,93,132,184
1,1,200000,0,73,137,1,1,3,6,1,28,45,-122,33,59,98,150
1,3,100000,0,67,152,1,1,3,6,0,26,45,-122,53,79,118,170
1,4,100000,1,52,183,1,1,3,6,1,26,45,-122,41,67,106,158
1,3,400000,0,56,157,1,1,3,6,0,28,45,-123,54,80,119,171
1,2,100000,0,65,109,1,1,3,6,1,27,45,-122,31,57,96,148
1,1,300000,1,63,156,1,0,0,0,0,26,45,-123,31,57,96,148
1,1,100000,0,63,146,1,1,3,6,1,26,45,-123,36,62,101,153
1,1,200000,0,65,257,1,1,3,6,0,28,45,-123,33,59,98,150
1,1,300000,0,68,124,1,1,3,6,1,28,45,-123,31,57,96,148
1,2,400000,1,64,189,1,1,3,6,0,28,45,-123,46,72,111,163
1,3,200000,0,55,162,1,1,3,6,1,27,45,-123,61,87,126,178
1,1,200000,1,56,248,1,1,3,6,0,28,45,-122,33,59,98,150
1,1,200000,1,68,268,1,1,3,6,1,28,45,-122,36,62,101,153
1,2,200000,1,52,129,1,1,3,6,0,28,45,-122,57,83,122,174
1,1,200000,0,69,177,1,1,3,6,1,26,45,-123,36,62,101,153
1,1,100000,1,62,114,1,1,3,6,0,26,45,-123,52,78,117,169
1,1,200000,1,62,229,1,1,3,6,1,28,45,-122,38,64,103,155
1,1,100000,1,75,233,1,1,3,6,0,26,45,-123,47,73,112,164
1,3,200000,1,62,228,1,1,3,6,1,28,45,-123,47,73,112,164
1,1,100000,1,67,162,1,1,3,6,0,27,46,-123,49,75,114,166
1,1,200000,0,63,160,1,1,3,6,1,28,46,-123,57,83,122,174
1,1,200000,1,71,157,1,0,0,0,0,28,46,-124,38,64,103,155
1,2,100000,1,76,112,1,1,3,6,1,28,46,-124,36,62,101,153
1,1,500000,1,67,140,1,0,0,0,0,28,46,-124,54,80,119,171
1,4,200000,0,62,155,1,1,3,6,1,27,46,-124,51,77,116,168
1,2,700000,1,61,100,1,1,3,6,0,26,46,-124,46,72,111,163
1,3,200000,0,68,145,1,1,3,6,1,26,46,-124,61,87,126,178
1,3,200000,1,66,127,1,1,3,6,0,28,46,-124,46,72,111,163
1,1,100000,1,64,184,1,1,3,6,1,28,46,-123,31,57,96,148
1,1,200000,0,66,180,1,1,3,6,0,27,46,-123,38,64,103,155
1,4,200000,1,66,166,1,0,0,0,1,27,46,-123,41,67,106,158
1,2,100000,1,65,244,1,1,3,6,0,27,46,-123,67,93,132,184
1,2,200000,1,67,164,1,1,3,6,1,28,46,-123,31,57,96,148
1,1,100000,1,62,118,1,1,3,6,0,26,46,-123,38,64,103,155
1,3,200000,1,54,176,1,1,3,6,1,26,46,-123,54,80,119,171
1,4,100000,1,55,192,1,1,3,6,0,28,46,-123,41,67,106,158
1,4,100000,1,54,114,1,1,3,6,1,28,43,-124,41,67,106,158
1,1,200000,1,62,211,1,1,3,6,0,26,43,-124,33,59,98,150
1,3,200000,1,66,211,1,0,0,0,1,28,43,-124,61,87,126,178
1,1,100000,0,51,169,1,1,3,6,0,28,43,-124,57,83,122,174
1,1,300000,0,62,117,1,1,3,6,1,26,43,-124,54,80,119,171
1,4,300000,1,64,136,1,1,3,6,0,28,44,-124,47,73,112,164
1,4,100000,1,72,102,1,1,3,6,1,27,43,-124,31,57,96,148
1,1,200000,1,65,155,1,1,3,6,0,27,43,-124,38,64,103,155
1,4,100000,1,69,102,1,1,3,6,1,28,43,-124,71,97,136,188
1,3,100000,1,77,289,1,1,3,6,0,27,44,-120,46,72,111,163
1,1,300000,1,64,124,1,1,3,6,1,26,44,-120,38,64,103,155
1,3,100000,1,72,293,1,1,3,6,0,28,44,-121,38,64,103,155
1,1,200000,1,64,109,1,1,3,6,1,29,44,-121,33,59,98,150
1,1,700000,0,68,234,1,0,0,0,0,26,43,-124,47,73,112,164
1,1,100000,1,75,110,1,1,3,6,1,26,42,-124,36,62,101,153
1,2,100000,0,69,279,1,1,3,6,0,27,42,-124,31,57,96,148
1,1,200000,1,69,216,1,1,3,6,1,28,43,-124,31,57,96,148
1,1,100000,1,68,184,1,1,3,6,0,26,43,-124,47,73,112,164
1,4,100000,0,69,234,1,1,3,6,1,26,43,-124,47,73,112,164
1,2,300000,0,62,250,1,1,3,6,0,28,43,-124,67,93,132,184
1,1,300000,0,52,123,1,0,0,0,1,26,43,-124,33,59,98,150
1,1,100000,1,64,182,1,1,3,6,0,27,44,-121,31,57,96,148
1,1,100000,1,50,167,1,1,3,6,1,26,44,-121,38,64,103,155
1,1,100000,1,65,257,1,1,3,6,0,27,44,-121,36,62,101,153
1,1,200000,1,62,143,1,1,3,6,1,27,44,-122,31,57,96,148
1,3,200000,1,51,237,1,1,3,6,0,27,44,-121,31,57,96,148
1,1,200000,1,67,170,1,1,3,6,1,28,44,-121,33,59,98,150
1,2,700000,0,68,179,1,1,3,6,0,27,44,-120,41,67,106,158
1,2,100000,1,61,149,1,1,3,6,1,26,44,-122,51,77,116,168
1,1,300000,1,57,105,1,1,3,6,0,27,44,-121,41,67,106,158
1,1,200000,1,68,218,1,1,3,6,1,26,44,-122,33,59,98,150
1,3,300000,1,68,180,1,1,3,6,0,27,44,-121,54,80,119,171
1,1,100000,1,51,144,1,1,3,6,1,26,43,-123,52,78,117,169
1,4,100000,0,50,147,1,0,0,0,0,28,43,-124,67,93,132,184
1,1,200000,1,78,215,1,1,3,6,1,26,43,-123,54,80,119,171
1,3,500000,1,55,147,1,1,3,6,0,27,43,-123,61,87,126,178
1,4,100000,0,69,112,1,0,0,0,1,27,43,-123,47,73,112,164
1,2,300000,0,79,228,1,1,3,6,0,27,44,-123,46,72,111,163
1,2,200000,0,64,244,1,1,3,6,1,27,44,-124,47,73,112,164
1,3,100000,1,63,235,1,1,3,6,0,28,44,-124,61,87,126,178
1,1,100000,1,59,221,1,1,3,6,1,28,43,-123,47,73,112,164
1,3,100000,0,74,226,1,1,3,6,0,26,43,-123,47,73,112,164
1,2,100000,1,66,149,1,1,3,6,1,28,43,-123,51,77,116,168
1,1,200000,1,51,182,1,0,0,0,0,27,43,-123,31,57,96,148
1,2,200000,0,69,144,1,1,3,6,1,26,43,-123,52,78,117,169
1,1,400000,1,55,199,1,1,3,6,0,28,44,-124,38,64,103,155
1,3,300000,1,61,191,1,0,0,0,1,27,43,-123,53,79,118,170
1,2,400000,0,61,219,1,1,3,6,0,26,43,-123,31,57,96,148
1,2,400000,0,74,121,1,0,0,0,1,28,43,-124,31,57,96,148
1,3,100000,1,79,146,1,1,3,6,0,26,44,-124,62,88,127,179
1,1,300000,1,66,123,1,1,3,6,1,27,43,-123,41,67,106,158
1,1,100000,1,51,151,1,1,3,6,0,28,43,-124,41,67,106,158
1,1,200000,1,50,138,1,1,3,6,1,27,43,-123,31,57,96,148
1,3,300000,0,62,153,1,1,3,6,0,27,43,-124,54,80,119,171
1,2,100000,1,63,189,1,1,3,6,1,28,43,-123,31,57,96,148
1,1,100000,0,59,143,1,1,3,6,0,28,43,-123,52,78,117,169
1,1,200000,1,61,125,1,0,0,0,1,26,43,-123,38,64,103,155
1,1,100000,1,68,237,1,1,3,6,0,26,44,-123,41,67,106,158
1,1,300000,0,67,221,1,1,3,6,1,26,46,-120,41,67,106,158
1,1,200000,0,62,154,1,1,3,6,0,27,45,-120,49,75,114,166
1,1,700000,1,59,209,1,1,3,6,1,26,45,-120,33,59,98,150
1,3,500000,0,67,243,1,1,3,6,0,28,45,-119,69,95,134,186
1,1,100000,0,63,138,1,0,0,0,1,26,44,-119,38,64,103,155
1,1,200000,1,56,170,1,1,3,6,0,28,44,-120,41,67,106,158
1,1,300000,1,78,119,1,1,3,6,1,27,44,-119,41,67,106,158
1,2,400000,1,65,177,1,0,0,0,0,28,45,-120,67,93,132,184
1,1,100000,1,75,187,1,1,3,6,1,26,45,-119,52,78,117,169
1,1,100000,1,55,187,1,1,3,6,0,28,45,-119,41,67,106,158
1,1,200000,0,51,116,1,1,3,6,1,28,44,-119,33,59,98,150
1,1,100000,0,52,194,1,1,3,6,0,27,44,-119,36,62,101,153
1,1,100000,0,61,298,1,1,3,6,1,27,44,-119,38,64,103,155
1,1,100000,1,54,157,1,1,3,6,0,27,42,-118,57,83,122,174
1,1,200000,0,64,171,1,1,3,6,1,27,44,-119,41,67,106,158
1,1,100000,1,57,115,1,1,3,6,0,26,43,-119,33,59,98,150
1,1,300000,1,68,117,1,1,3,6,1,28,43,-119,38,64,103,155
1,1,300000,0,79,131,1,1,3,6,0,26,43,-118,31,57,96,148
1,1,100000,1,67,150,1,1,3,6,1,26,43,-119,47,73,112,164
1,1,300000,0,74,191,1,0,0,0,0,26,44,-119,31,57,96,148
1,4,200000,0,66,138,1,1,3,6,1,27,43,-120,57,83,122,174
1,1,200000,1,63,253,1,1,3,6,0,26,44,-118,49,75,114,166
1,1,200000,1,62,103,1,1,3,6,1,27,46,-122,41,67,106,158
1,2,100000,1,55,178,1,1,3,6,0,26,46,-122,46,72,111,163
1,2,500000,0,62,106,1,1,3,6,1,27,45,-122,36,62,101,153
1,4,100000,1,66,126,1,1,3,6,0,28,46,-122,61,87,126,178
1,1,700000,0,66,122,1,1,3,6,1,28,42,-123,38,64,103,155
1,2,500000,0,58,104,1,1,3,6,0,27,42,-123,56,82,121,173
1,1,100000,1,64,173,1,1,3,6,1,27,42,-123,38,64,103,155
1,1,100000,0,76,125,1,1,3,6,0,28,42,-123,33,59,98,150
1,1,200000,1,61,107,1,1,3,6,1,26,42,-123,38,64,103,155
1,1,300000,0,68,103,1,1,3,6,0,28,43,-123,38,64,103,155
1,4,300000,1,64,193,1,0,0,0,1,26,42,-123,87,113,152,204
1,1,100000,1,66,225,1,1,3,6,0,26,42,-123,33,59,98,150
1,3,100000,0,69,102,1,1,3,6,1,27,42,-123,54,80,119,171
1,1,200000,1,65,285,1,1,3,6,0,28,42,-123,47,73,112,164
1,2,200000,1,65,134,1,1,3,6,1,28,43,-123,51,77,116,168
1,1,100000,1,65,154,1,1,3,6,0,27,42,-123,31,57,96,148
1,1,200000,1,73,112,1,1,3,6,1,27,43,-123,31,57,96,148
1,1,200000,0,57,100,1,1,3,6,0,28,42,-123,41,67,106,158
1,2,300000,0,68,189,1,1,3,6,1,28,43,-123,57,83,122,174
1,1,200000,0,77,175,1,1,3,6,0,27,45,-121,31,57,96,148
1,1,200000,0,77,134,1,1,3,6,1,26,44,-122,33,59,98,150
1,1,200000,1,69,105,1,1,3,6,0,28,44,-121,47,73,112,164
1,1,100000,1,62,141,1,0,0,0,1,28,45,-121,31,57,96,148
1,3,100000,1,59,176,1,1,3,6,0,26,45,-121,46,72,111,163
1,1,200000,1,63,127,1,1,3,6,1,27,43,-123,38,64,103,155
1,1,200000,1,65,170,1,1,3,6,0,27,42,-124,41,67,106,158
1,3,100000,0,69,167,1,1,3,6,1,26,42,-123,53,79,118,170
1,1,500000,0,54,128,1,0,0,0,0,27,34,-118,38,64,103,155
1,1,100000,1,61,116,1,1,3,6,1,28,34,-118,33,59,98,150
1,3,300000,0,64,176,1,1,3,6,0,26,34,-118,62,88,127,179
1,2,100000,1,61,198,1,1,3,6,1,26,34,-118,36,62,101,153
1,3,300000,1,72,192,1,1,3,6,0,26,34,-118,53,79,118,170
1,1,300000,1,57,127,1,1,3,6,1,26,34,-118,49,75,114,166
1,4,100000,1,58,180,1,1,3,6,0,26,34,-118,87,113,152,204
1,4,300000,0,67,219,1,1,3,6,1,26,34,-118,61,87,126,178
1,2,100000,1,67,238,1,1,3,6,0,27,34,-118,36,62,101,153
1,1,300000,0,68,108,1,1,3,6,1,28,34,-118,43,69,108,160
1,2,200000,1,72,206,1,1,3,6,0,26,34,-118,62,88,127,179
1,1,100000,1,66,119,1,0,0,0,1,26,34,-118,52,78,117,169
1,1,500000,0,61,152,1,1,3,6,0,27,34,-118,38,64,103,155
1,1,700000,1,67,177,1,1,3,6,1,28,34,-118,38,64,103,155
1,2,300000,0,65,128,1,0,0,0,0,27,34,-118,31,57,96,148
1,2,300000,1,79,136,1,1,3,6,1,28,34,-118,41,67,106,158
1,1,100000,0,73,163,1,1,3,6,0,26,34,-118,41,67,106,158
1,4,100000,1,59,178,1,1,3,6,1,26,34,-118,41,67,106,158
1,2,300000,0,64,175,1,1,3,6,0,28,34,-118,51,77,116,168
1,1,100000,1,64,185,1,1,3,6,1,27,34,-118,41,67,106,158
1,3,700000,0,54,110,1,0,0,0,0,27,34,-118,77,103,142,194
1,1,200000,0,53,106,1,1,3,6,1,27,34,-118,54,80,119,171
1,1,100000,0,66,136,1,0,0,0,0,26,34,-118,57,83,122,174
1,4,700000,0,62,275,1,0,0,0,1,28,34,-118,41,67,106,158
1,2,1000000,1,66,111,1,1,3,6,0,28,34,-118,36,62,101,153
1,3,400000,0,55,153,1,1,3,6,1,28,34,-118,46,72,111,163
1,1,100000,0,74,106,1,1,3,6,0,27,34,-118,52,78,117,169
1,4,100000,1,65,137,1,1,3,6,1,26,34,-118,71,97,136,188
1,2,200000,1,67,164,1,1,3,6,0,26,34,-118,46,72,111,163
1,1,300000,1,75,159,1,1,3,6,1,27,34,-118,38,64,103,155
1,3,100000,1,63,160,1,1,3,6,0,27,34,-118,46,72,111,163
1,1,300000,0,63,138,1,1,3,6,1,26,34,-118,49,75,114,166
1,2,200000,1,58,108,1,1,3,6,0,28,34,-118,41,67,106,158
1,2,300000,1,54,167,1,0,0,0,1,26,34,-118,41,67,106,158
1,3,200000,1,63,157,1,1,3,6,0,27,34,-118,61,87,126,178
1,2,200000,1,62,137,1,0,0,0,1,28,34,-118,52,78,117,169
1,1,700000,1,73,143,1,1,3,6,0,26,34,-118,47,73,112,164
1,1,100000,1,65,100,1,1,3,6,1,27,34,-118,36,62,101,153
1,1,300000,1,69,104,1,0,0,0,0,27,34,-118,52,78,117,169
1,3,100000,1,69,104,1,1,3,6,1,26,34,-118,53,79,118,170
1,1,300000,1,78,198,1,1,3,6,0,27,34,-118,41,67,106,158
1,3,200000,1,68,158,1,1,3,6,1,27,34,-118,54,80,119,171
1,1,100000,0,79,186,1,1,3,6,0,26,34,-118,36,62,101,153
1,2,100000,1,57,151,1,1,3,6,1,28,34,-118,36,62,101,153
1,2,500000,1,74,148,1,1,3,6,0,28,34,-118,57,83,122,174
1,1,300000,1,68,160,1,1,3,6,1,26,34,-118,54,80,119,171
1,2,200000,0,56,154,1,1,3,6,0,27,34,-118,31,57,96,148
1,1,100000,1,61,152,1,1,3,6,1,27,34,-119,33,59,98,150
1,3,100000,1,62,198,1,1,3,6,0,27,34,-119,69,95,134,186
1,1,300000,1,62,250,1,1,3,6,1,28,34,-119,41,67,106,158
1,3,100000,1,73,121,1,1,3,6,0,28,34,-119,54,80,119,171
1,4,400000,0,62,167,1,1,3,6,1,28,34,-119,71,97,136,188
1,4,100000,1,69,106,1,1,3,6,0,28,34,-119,31,57,96,148
1,2,200000,1,65,190,1,1,3,6,1,26,34,-119,46,72,111,163
1,2,300000,1,65,193,1,1,3,6,0,26,34,-119,41,67,106,158
1,3,200000,1,57,103,1,1,3,6,1,27,34,-119,31,57,96,148
1,2,100000,1,69,146,1,1,3,6,0,27,34,-119,31,57,96,148
1,1,200000,1,63,215,1,1,3,6,1,26,34,-119,54,80,119,171
1,1,200000,1,63,105,1,1,3,6,0,28,34,-119,41,67,106,158
1,2,300000,1,67,128,1,1,3,6,1,28,34,-119,31,57,96,148
1,3,100000,1,53,146,1,1,3,6,0,26,34,-119,54,80,119,171
1,2,700000,0,67,104,1,1,3,6,1,28,34,-119,51,77,116,168
1,1,700000,1,61,136,1,1,3,6,0,26,34,-119,33,59,98,150
1,1,100000,1,69,121,1,1,3,6,1,27,34,-119,57,83,122,174
1,1,300000,1,63,193,1,1,3,6,0,27,34,-119,57,83,122,174
1,1,200000,0,58,263,1,1,3,6,1,27,34,-119,31,57,96,148
1,1,100000,1,64,195,1,0,0,0,0,27,34,-119,31,57,96,148
1,4,100000,1,52,163,1,1,3,6,1,28,34,-119,51,77,116,168
1,1,100000,1,63,163,1,1,3,6,0,28,34,-119,33,59,98,150
1,3,200000,1,67,139,1,1,3,6,1,26,34,-118,46,72,111,163
1,1,300000,1,58,268,1,1,3,6,0,27,34,-118,47,73,112,164
1,4,300000,1,68,196,1,1,3,6,1,26,34,-118,51,77,116,168
1,3,100000,1,69,170,1,1,3,6,0,27,34,-119,31,57,96,148
1,1,700000,0,78,118,1,1,3,6,1,27,34,-119,41,67,106,158
1,1,200000,1,57,223,1,1,3,6,0,26,34,-118,41,67,106,158
1,1,200000,1,73,106,1,1,3,6,1,28,34,-118,41,67,106,158
1,2,300000,0,59,117,1,1,3,6,0,26,34,-118,67,93,132,184
1,3,100000,0,50,189,1,1,3,6,1,28,34,-118,38,64,103,155
1,2,100000,0,63,196,1,1,3,6,0,28,34,-118,52,78,117,169
1,3,100000,1,58,139,1,1,3,6,1,26,34,-118,53,79,118,170
1,1,100000,1,71,104,1,1,3,6,0,26,34,-118,41,67,106,158
1,1,100000,0,54,133,1,1,3,6,1,27,34,-119,54,80,119,171
1,3,200000,1,63,118,1,1,3,6,0,27,34,-118,47,73,112,164
1,1,200000,1,58,179,1,1,3,6,1,26,34,-118,54,80,119,171
1,1,100000,0,65,216,1,1,3,6,0,27,34,-118,41,67,106,158
1,3,400000,1,63,110,1,1,3,6,1,28,34,-119,47,73,112,164
1,2,100000,0,53,102,1,1,3,6,0,27,34,-119,47,73,112,164
1,1,100000,1,63,208,1,1,3,6,1,27,34,-119,52,78,117,169
1,1,100000,0,64,175,1,1,3,6,0,26,34,-119,57,83,122,174
1,1,300000,1,75,184,1,0,0,0,1,27,34,-119,41,67,106,158
1,2,300000,1,61,110,1,1,3,6,0,26,34,-119,52,78,117,169
1,1,200000,0,52,227,1,1,3,6,1,26,34,-119,38,64,103,155
1,2,200000,0,68,139,1,1,3,6,0,26,34,-119,72,98,137,189
1,1,500000,0,65,101,1,1,3,6,1,26,34,-119,52,78,117,169
1,1,200000,0,65,264,1,1,3,6,0,27,34,-119,47,73,112,164
1,1,400000,1,69,151,1,1,3,6,1,26,34,-119,47,73,112,164
1,2,100000,1,65,106,1,1,3,6,0,26,34,-119,67,93,132,184
1,1,300000,1,51,191,1,1,3,6,1,26,34,-119,38,64,103,155
1,2,300000,1,68,178,1,0,0,0,0,27,34,-119,46,72,111,163
1,4,300000,1,69,118,1,1,3,6,1,27,34,-119,41,67,106,158
1,1,100000,1,77,112,1,1,3,6,0,27,34,-119,38,64,103,155
1,1,200000,1,68,265,1,1,3,6,1,27,34,-118,33,59,98,150
1,3,100000,1,63,149,1,1,3,6,0,28,34,-118,61,87,126,178
1,1,200000,1,63,138,1,1,3,6,1,27,34,-119,33,59,98,150
1,2,500000,1,64,163,1,1,3,6,0,28,34,-118,36,62,101,153
1,2,100000,0,64,104,1,1,3,6,1,26,34,-118,62,88,127,179
1,1,900000,0,65,174,1,1,3,6,0,27,34,-119,54,80,119,171
1,1,800000,0,54,169,1,1,3,6,1,26,34,-118,57,83,122,174
1,2,700000,1,61,214,1,1,3,6,0,26,34,-119,36,62,101,153
1,1,100000,0,63,105,1,1,3,6,1,28,34,-118,31,57,96,148
1,1,200000,0,55,182,1,1,3,6,0,27,34,-118,52,78,117,169
1,2,400000,0,54,145,1,1,3,6,1,27,34,-118,51,77,116,168
1,1,100000,1,63,118,1,1,3,6,0,26,34,-118,38,64,103,155
1,3,100000,0,57,108,1,1,3,6,1,28,34,-118,53,79,118,170
1,3,100000,1,63,148,1,0,0,0,0,27,34,-118,61,87,126,178
1,2,100000,1,77,183,1,1,3,6,1,27,34,-118,67,93,132,184
1,2,100000,1,57,282,1,0,0,0,0,27,34,-118,41,67,106,158
1,1,300000,1,68,186,1,1,3,6,1,28,34,-118,33,59,98,150
1,3,100000,0,67,158,1,1,3,6,0,26,34,-118,53,79,118,170
1,2,1000000,1,59,116,1,1,3,6,1,26,34,-118,41,67,106,158
1,3,100000,0,61,191,1,1,3,6,0,26,34,-118,53,79,118,170
1,2,200000,1,58,176,1,1,3,6,1,27,34,-118,41,67,106,158
1,1,300000,1,66,181,1,1,3,6,0,28,34,-119,41,67,106,158
1,1,300000,1,57,101,1,1,3,6,1,28,34,-118,52,78,117,169
1,2,200000,0,68,158,1,1,3,6,0,26,34,-119,46,72,111,163
1,2,200000,0,59,182,1,1,3,6,1,27,34,-118,46,72,111,163
1,1,300000,1,65,145,1,1,3,6,0,26,34,-118,38,64,103,155
1,1,200000,1,68,116,1,1,3,6,1,26,34,-118,36,62,101,153
1,1,100000,1,69,102,1,1,3,6,0,28,34,-118,52,78,117,169
1,1,300000,0,69,119,1,1,3,6,1,27,34,-118,41,67,106,158
1,3,100000,0,69,145,1,1,3,6,0,27,34,-118,54,80,119,171
1,4,200000,0,68,207,1,1,3,6,1,28,34,-118,57,83,122,174
1,1,100000,0,56,180,1,1,3,6,0,28,34,-118,54,80,119,171
1,2,100000,1,53,121,1,1,3,6,1,28,34,-118,41,67,106,158
1,3,200000,0,66,156,1,0,0,0,0,28,34,-118,31,57,96,148
1,1,100000,1,67,157,1,1,3,6,1,27,34,-118,41,67,106,158
1,1,100000,0,65,170,1,1,3,6,0,26,34,-118,36,62,101,153
1,1,300000,1,66,249,1,1,3,6,1,26,34,-118,57,83,122,174
1,2,100000,1,63,198,1,1,3,6,0,27,34,-118,36,62,101,153
1,2,300000,1,78,160,1,1,3,6,1,28,34,-118,36,62,101,153
1,3,300000,1,67,165,1,0,0,0,0,28,34,-118,61,87,126,178
1,1,300000,1,63,256,1,1,3,6,1,27,34,-118,49,75,114,166
1,3,200000,1,62,174,1,1,3,6,0,26,34,-118,69,95,134,186
1,1,200000,1,55,167,1,1,3,6,1,28,34,-118,31,57,96,148
1,2,200000,0,62,235,1,1,3,6,0,27,34,-118,47,73,112,164
1,4,400000,1,65,199,1,1,3,6,1,26,34,-118,31,57,96,148
1,1,300000,1,65,210,1,1,3,6,0,28,34,-118,33,59,98,150
1,2,100000,1,66,224,1,1,3,6,1,28,34,-118,62,88,127,179
1,1,100000,1,63,182,1,1,3,6,0,26,34,-118,57,83,122,174
1,4,200000,0,57,170,1,1,3,6,1,26,34,-118,61,87,126,178
1,2,200000,1,79,280,1,1,3,6,0,26,34,-118,51,77,116,168
1,1,300000,1,65,113,1,1,3,6,1,27,34,-118,52,78,117,169
1,3,1000000,0,61,283,1,1,3,6,0,26,34,-118,47,73,112,164
1,3,100000,1,64,114,1,1,3,6,1,26,34,-118,31,57,96,148
1,1,100000,0,50,205,1,1,3,6,0,26,34,-118,31,57,96,148
1,2,200000,1,65,111,1,1,3,6,1,26,34,-118,31,57,96,148
1,1,500000,0,75,206,1,1,3,6,0,26,34,-118,36,62,101,153
1,2,100000,0,55,144,1,1,3,6,1,28,34,-118,36,62,101,153
1,1,100000,0,69,170,1,0,0,0,0,26,34,-118,41,67,106,158
1,2,200000,1,60,254,1,1,3,6,1,27,34,-118,67,93,132,184
1,1,200000,1,53,109,1,1,3,6,0,26,34,-118,57,83,122,174
1,3,100000,0,65,128,1,1,3,6,1,26,34,-118,54,80,119,171
1,4,200000,0,62,105,1,1,3,6,0,28,34,-118,77,103,142,194
1,1,300000,1,64,159,1,1,3,6,1,27,34,-118,31,57,96,148
1,1,100000,1,78,132,1,1,3,6,0,27,34,-118,47,73,112,164
1,4,200000,0,65,123,1,1,3,6,1,28,34,-118,71,97,136,188
1,4,300000,1,64,145,1,1,3,6,0,26,34,-118,51,77,116,168
1,2,100000,0,67,111,1,1,3,6,1,26,34,-118,57,83,122,174
1,3,300000,0,73,125,1,1,3,6,0,27,34,-118,53,79,118,170
1,2,200000,0,65,110,1,0,0,0,1,26,34,-118,51,77,116,168
1,3,100000,1,64,228,1,1,3,6,0,28,34,-118,46,72,111,163
1,3,100000,0,68,109,1,0,0,0,1,26,34,-118,53,79,118,170
1,2,200000,0,57,161,1,1,3,6,0,26,34,-118,31,57,96,148
1,3,200000,1,76,125,1,1,3,6,1,27,34,-118,38,64,103,155
1,3,100000,1,58,106,1,1,3,6,0,28,34,-118,54,80,119,171
1,2,100000,0,54,150,1,0,0,0,1,26,34,-118,67,93,132,184
1,3,100000,1,56,228,1,1,3,6,0,26,34,-118,38,64,103,155
1,4,100000,1,59,161,1,0,0,0,1,27,34,-118,87,113,152,204
1,2,200000,1,61,165,1,1,3,6,0,26,34,-118,31,57,96,148
1,2,200000,0,73,122,1,1,3,6,1,27,34,-118,51,77,116,168
1,3,200000,0,71,144,1,0,0,0,0,28,34,-118,31,57,96,148
1,3,100000,1,54,262,1,1,3,6,1,26,34,-118,46,72,111,163
1,1,300000,1,63,100,1,1,3,6,0,28,34,-118,33,59,98,150
1,2,300000,0,75,106,1,1,3,6,1,27,34,-118,52,78,117,169
1,3,300000,0,75,190,1,0,0,0,0,28,34,-118,46,72,111,163
1,1,100000,1,65,174,1,1,3,6,1,28,34,-118,38,64,103,155
1,2,300000,0,77,150,1,1,3,6,0,26,34,-118,47,73,112,164
1,1,200000,0,63,223,1,1,3,6,1,28,34,-118,38,64,103,155
1,1,200000,1,71,205,1,0,0,0,0,27,34,-118,33,59,98,150
1,1,300000,0,73,135,1,0,0,0,1,26,34,-118,47,73,112,164
1,2,700000,1,68,175,1,1,3,6,0,26,34,-118,36,62,101,153
1,3,500000,1,51,132,1,1,3,6,1,26,34,-118,53,79,118,170
1,3,300000,0,61,193,1,1,3,6,0,26,34,-118,46,72,111,163
1,4,200000,0,56,240,1,1,3,6,1,28,34,-118,71,97,136,188
1,1,300000,1,71,163,1,0,0,0,0,28,34,-118,36,62,101,153
1,1,100000,0,66,147,1,1,3,6,1,26,34,-118,57,83,122,174
1,1,100000,1,67,147,1,1,3,6,0,26,34,-118,33,59,98,150
1,1,100000,1,65,171,1,0,0,0,1,28,34,-118,31,57,96,148
1,3,200000,1,75,177,1,1,3,6,0,28,34,-118,38,64,103,155
1,1,100000,0,58,131,1,1,3,6,1,26,34,-118,38,64,103,155
1,3,300000,1,62,168,1,1,3,6,0,28,34,-118,61,87,126,178
1,3,700000,0,69,215,1,0,0,0,1,27,34,-118,61,87,126,178
1,1,300000,0,61,156,1,1,3,6,0,27,34,-118,54,80,119,171
1,2,100000,0,67,107,1,1,3,6,1,26,34,-118,67,93,132,184
1,1,100000,0,79,194,1,1,3,6,0,27,34,-118,36,62,101,153
1,1,200000,0,68,247,1,1,3,6,1,28,34,-118,38,64,103,155
1,3,100000,0,64,224,1,1,3,6,0,27,34,-118,46,72,111,163
1,4,100000,0,67,146,1,1,3,6,1,26,34,-118,41,67,106,158
1,1,500000,0,67,215,1,1,3,6,0,28,34,-118,41,67,106,158
1,2,700000,1,61,112,1,1,3,6,1,27,34,-118,62,88,127,179
1,1,100000,0,62,107,1,0,0,0,0,28,34,-118,41,67,106,158
1,2,200000,1,69,170,1,1,3,6,1,26,34,-118,36,62,101,153
1,1,100000,1,62,158,1,1,3,6,0,26,34,-118,31,57,96,148
1,1,100000,1,50,189,1,1,3,6,1,28,34,-118,54,80,119,171
1,1,200000,1,55,227,1,0,0,0,0,27,35,-119,36,62,101,153
1,4,100000,1,64,114,1,1,3,6,1,28,35,-118,51,77,116,168
1,1,400000,1,50,106,1,1,3,6,0,27,35,-118,41,67,106,158
1,2,100000,1,67,101,1,1,3,6,1,28,35,-118,57,83,122,174
1,1,700000,0,55,172,1,1,3,6,0,26,35,-118,49,75,114,166
1,1,100000,1,66,109,1,1,3,6,1,27,34,-118,38,64,103,155
1,4,100000,1,69,106,1,0,0,0,0,28,34,-118,51,77,116,168
1,1,500000,1,55,192,1,1,3,6,1,26,34,-118,31,57,96,148
1,4,200000,1,61,104,1,1,3,6,0,26,35,-118,51,77,116,168
1,1,100000,0,66,140,1,1,3,6,1,28,35,-118,41,67,106,158
1,1,300000,0,61,140,1,1,3,6,0,28,34,-118,41,67,106,158
1,4,200000,1,59,119,1,1,3,6,1,26,34,-118,71,97,136,188
1,2,100000,1,76,196,1,1,3,6,0,27,35,-118,31,57,96,148
1,3,400000,0,53,137,1,1,3,6,1,26,35,-118,62,88,127,179
1,2,100000,0,61,168,1,1,3,6,0,26,35,-118,41,67,106,158
1,3,200000,1,50,281,1,1,3,6,1,27,35,-118,77,103,142,194
1,1,400000,1,55,196,1,1,3,6,0,26,35,-118,54,80,119,171
1,4,200000,1,52,114,1,1,3,6,1,27,37,-120,67,93,132,184
1,1,200000,1,51,194,1,1,3,6,0,27,37,-120,41,67,106,158
1,4,200000,1,61,196,1,1,3,6,1,28,37,-120,71,97,136,188
1,1,100000,0,65,166,1,1,3,6,0,27,37,-120,31,57,96,148
1,1,100000,0,75,189,1,1,3,6,1,28,37,-120,38,64,103,155
1,1,700000,1,73,171,1,0,0,0,0,26,37,-120,49,75,114,166
1,3,100000,1,75,199,1,1,3,6,1,27,37,-120,38,64,103,155
1,1,100000,0,69,139,1,1,3,6,0,26,37,-120,31,57,96,148
1,4,300000,0,63,149,1,1,3,6,1,28,37,-120,51,77,116,168
1,1,200000,1,62,263,1,1,3,6,0,26,37,-120,36,62,101,153
1,3,100000,0,69,154,1,1,3,6,1,27,37,-120,46,72,111,163
1,1,200000,1,55,165,1,1,3,6,0,27,37,-120,41,67,106,158
1,1,300000,1,69,112,1,1,3,6,1,27,38,-123,41,67,106,158
1,1,200000,1,53,249,1,1,3,6,0,27,38,-123,38,64,103,155
1,2,100000,1,62,183,1,1,3,6,1,27,38,-123,67,93,132,184
1,1,100000,1,54,175,1,1,3,6,0,26,38,-123,59,85,124,176
1,1,100000,1,68,102,1,1,3,6,1,28,38,-123,31,57,96,148
1,1,200000,1,68,142,1,0,0,0,0,28,38,-123,41,67,106,158
1,2,200000,0,65,141,1,1,3,6,1,27,38,-123,36,62,101,153
1,3,100000,1,64,146,1,1,3,6,0,26,38,-122,54,80,119,171
1,1,200000,0,69,167,1,1,3,6,1,28,38,-123,36,62,101,153
1,3,400000,0,57,246,1,1,3,6,0,27,38,-123,31,57,96,148
1,3,300000,1,66,193,1,1,3,6,1,26,38,-123,31,57,96,148
1,3,300000,1,56,244,1,1,3,6,0,28,38,-123,77,103,142,194
1,3,400000,1,65,155,1,0,0,0,1,26,38,-123,38,64,103,155
1,1,400000,1,65,266,1,1,3,6,0,26,38,-123,49,75,114,166
1,3,100000,1,72,166,1,1,3,6,1,28,38,-123,61,87,126,178
1,2,100000,0,76,124,1,1,3,6,0,28,38,-123,41,67,106,158
1,1,1000000,0,55,140,1,1,3,6,1,27,38,-123,38,64,103,155
1,2,200000,1,61,124,1,1,3,6,0,27,38,-123,51,77,116,168
1,1,200000,1,62,166,1,0,0,0,1,26,38,-123,36,62,101,153
1,4,100000,1,66,179,1,1,3,6,0,27,38,-123,71,97,136,188
1,1,200000,0,63,110,1,1,3,6,1,26,38,-123,54,80,119,171
1,3,200000,1,51,100,1,1,3,6,0,28,38,-123,46,72,111,163
1,3,100000,0,52,134,1,1,3,6,1,26,38,-123,38,64,103,155
1,2,100000,1,68,113,1,1,3,6,0,28,38,-123,46,72,111,163
1,1,100000,1,66,167,1,1,3,6,1,26,38,-123,33,59,98,150
1,2,100000,0,63,122,1,1,3,6,0,27,38,-123,36,62,101,153
1,1,200000,1,67,278,1,1,3,6,1,26,38,-123,41,67,106,158
1,1,500000,1,67,188,1,1,3,6,0,28,38,-123,47,73,112,164
1,4,100000,0,67,236,1,1,3,6,1,26,38,-123,61,87,126,178
1,3,400000,1,54,240,1,1,3,6,0,28,38,-122,31,57,96,148
1,3,200000,0,59,143,1,1,3,6,1,27,38,-122,53,79,118,170
1,2,300000,0,72,122,1,1,3,6,0,28,38,-122,41,67,106,158
1,1,100000,1,68,197,1,1,3,6,1,27,38,-123,54,80,119,171
1,3,200000,0,79,126,1,1,3,6,0,28,38,-123,54,80,119,171
1,4,300000,1,61,188,1,1,3,6,1,26,38,-123,41,67,106,158
1,1,1000000,0,79,254,1,1,3,6,0,27,38,-122,49,75,114,166
1,2,700000,1,74,165,1,1,3,6,1,27,38,-123,36,62,101,153
1,1,100000,1,66,181,1,1,3,6,0,28,38,-123,41,67,106,158
1,1,400000,0,69,154,1,1,3,6,1,26,38,-123,36,62,101,153
1,1,300000,0,68,191,1,1,3,6,0,27,38,-123,41,67,106,158
1,3,500000,1,57,124,1,0,0,0,1,28,38,-123,62,88,127,179
1,4,100000,1,62,267,1,1,3,6,0,27,37,-120,71,97,136,188
1,3,400000,1,50,230,1,1,3,6,1,26,37,-120,53,79,118,170
1,1,100000,1,54,181,1,1,3,6,0,28,38,-120,38,64,103,155
1,2,200000,1,55,105,1,1,3,6,1,28,38,-120,57,83,122,174
1,2,300000,1,54,134,1,1,3,6,0,28,37,-120,51,77,116,168
1,4,100000,0,50,127,1,1,3,6,1,27,37,-120,51,77,116,168
1,1,300000,1,68,123,1,1,3,6,0,27,38,-120,38,64,103,155
1,2,400000,1,64,198,1,1,3,6,1,28,38,-120,36,62,101,153
1,2,400000,1,69,167,1,0,0,0,0,26,39,-124,46,72,111,163
1,1,100000,1,50,168,1,0,0,0,1,26,39,-123,54,80,119,171
1,1,700000,1,69,156,1,1,3,6,0,26,40,-124,33,59,98,150
1,1,100000,0,65,185,1,1,3,6,1,27,39,-123,57,83,122,174
1,2,700000,1,66,251,1,1,3,6,0,28,39,-124,36,62,101,153
1,1,100000,1,63,299,1,1,3,6,1,28,39,-124,49,75,114,166
1,3,400000,1,51,125,1,1,3,6,0,26,40,-123,31,57,96,148
1,1,100000,1,63,165,1,1,3,6,1,28,40,-123,36,62,101,153
1,4,300000,0,53,109,1,0,0,0,0,28,39,-124,51,77,116,168
1,2,300000,1,79,186,1,1,3,6,1,27,39,-124,62,88,127,179
1,2,100000,0,65,205,1,1,3,6,0,28,39,-124,67,93,132,184
1,2,300000,0,58,139,1,1,3,6,1,26,39,-123,51,77,116,168
1,3,100000,0,72,127,1,0,0,0,0,26,40,-123,47,73,112,164
1,3,300000,1,64,199,1,1,3,6,1,26,39,-124,31,57,96,148
1,2,100000,0,66,135,1,1,3,6,0,26,39,-124,52,78,117,169
1,1,100000,0,66,197,1,1,3,6,1,27,39,-124,31,57,96,148
1,2,500000,1,79,171,1,1,3,6,0,26,39,-124,36,62,101,153
1,2,300000,1,62,174,1,1,3,6,1,27,39,-123,31,57,96,148
1,2,200000,1,72,111,1,1,3,6,0,26,39,-124,46,72,111,163
1,1,200000,1,69,163,1,1,3,6,1,26,39,-123,38,64,103,155
1,1,100000,1,51,173,1,1,3,6,0,28,39,-123,41,67,106,158
1,1,300000,1,78,275,1,1,3,6,1,26,39,-123,41,67,106,158
1,1,200000,1,61,169,1,1,3,6,0,28,39,-123,38,64,103,155
1,2,500000,1,67,137,1,0,0,0,1,27,40,-124,36,62,101,153
1,1,100000,1,61,194,1,1,3,6,0,28,39,-123,33,59,98,150
1,1,300000,0,62,176,1,1,3,6,1,28,39,-123,47,73,112,164
1,1,100000,1,62,111,1,1,3,6,0,26,40,-124,57,83,122,174
1,2,200000,0,72,152,1,1,3,6,1,27,40,-124,52,78,117,169
1,1,100000,1,55,147,1,0,0,0,0,26,37,-121,31,57,96,148
1,3,200000,1,68,135,1,1,3,6,1,28,37,-121,31,57,96,148
1,1,300000,1,65,125,1,1,3,6,0,26,37,-120,31,57,96,148
1,3,100000,1,76,149,1,1,3,6,1,26,37,-121,53,79,118,170
1,2,100000,1,58,100,1,1,3,6,0,26,37,-121,51,77,116,168
1,3,300000,1,74,187,1,1,3,6,1,28,37,-121,53,79,118,170
1,3,200000,0,67,121,1,0,0,0,0,26,37,-121,62,88,127,179
1,1,200000,0,59,125,1,1,3,6,1,28,37,-121,33,59,98,150
1,1,100000,1,69,198,1,1,3,6,0,28,37,-121,41,67,106,158
1,3,100000,1,51,198,1,1,3,6,1,27,37,-121,61,87,126,178
1,1,700000,1,59,180,1,1,3,6,0,27,37,-121,41,67,106,158
1,4,300000,0,76,212,1,1,3,6,1,27,37,-121,87,113,152,204
1,3,200000,1,62,179,1,0,0,0,0,26,37,-120,31,57,96,148
1,2,100000,0,76,189,1,1,3,6,1,26,37,-121,46,72,111,163
1,3,300000,1,54,221,1,1,3,6,0,27,37,-120,54,80,119,171
1,2,200000,0,51,137,1,0,0,0,1,27,37,-121,41,67,106,158
1,4,300000,1,66,133,1,1,3,6,0,28,37,-120,41,67,106,158
1,2,100000,1,63,121,1,1,3,6,1,27,37,-120,41,67,106,158
1,3,300000,1,53,128,1,0,0,0,0,28,37,-121,46,72,111,163
1,1,200000,1,64,135,1,1,3,6,1,28,37,-120,31,57,96,148
1,1,200000,1,65,144,1,0,0,0,0,27,38,-120,52,78,117,169
1,1,200000,0,60,155,1,1,3,6,1,26,37,-121,52,78,117,169
1,1,300000,1,64,109,1,1,3,6,0,27,37,-121,47,73,112,164
1,3,100000,0,66,169,1,1,3,6,1,28,41,-121,62,88,127,179
1,1,700000,1,57,125,1,1,3,6,0,26,41,-121,54,80,119,171
1,2,100000,1,52,257,1,1,3,6,1,28,41,-121,46,72,111,163
1,1,300000,0,54,229,1,1,3,6,0,27,41,-121,52,78,117,169
1,1,300000,1,56,177,1,1,3,6,1,27,41,-120,31,57,96,148
1,2,300000,0,67,182,1,1,3,6,0,27,42,-120,52,78,117,169
1,3,500000,0,53,177,1,1,3,6,1,26,41,-120,54,80,119,171
1,3,100000,0,52,224,1,1,3,6,0,28,42,-120,61,87,126,178
1,2,200000,1,61,154,1,1,3,6,1,28,42,-120,31,57,96,148
1,3,300000,1,62,118,1,1,3,6,0,27,41,-121,46,72,111,163
1,2,100000,1,74,168,1,1,3,6,1,28,38,-119,36,62,101,153
1,3,200000,1,67,104,1,0,0,0,0,28,38,-119,77,103,142,194
1,3,200000,1,68,189,1,1,3,6,1,27,38,-119,53,79,118,170
1,3,300000,1,57,150,1,1,3,6,0,27,38,-119,53,79,118,170
1,2,200000,1,65,162,1,1,3,6,1,26,38,-119,62,88,127,179
1,1,200000,0,51,278,1,1,3,6,0,28,39,-119,33,59,98,150
1,1,100000,1,71,118,1,1,3,6,1,27,39,-120,33,59,98,150
1,1,400000,0,73,265,1,1,3,6,0,28,36,-121,31,57,96,148
1,1,200000,1,52,157,1,0,0,0,1,28,36,-121,31,57,96,148
